"x","M","I","S","L","U"
0,0,0,100,13.1187127386966,0
1,0.00218611186618242,0.397014943918329,99.6007989442155,13.0710924124003,0
2,0.00868940108735014,0.788119105373116,99.2031914935395,13.0232812234201,0
3,0.0194282196069734,1.17340048445067,98.8071712959424,12.9752784066841,0
4,0.0343222136928967,1.5529457710867,98.4127320152204,12.927083194146,0
5,0.0532922951050217,1.92684036457192,98.0198673403231,12.8786948146815,0
6,0.0762606218381322,2.29516839276725,97.6285709853946,12.8301124940754,0
7,0.103150579282284,2.65801273103292,97.2388366896848,12.7813354550096,0
8,0.133886761682189,3.0154550208758,96.850658217442,12.7323629170505,0
9,0.168394953881901,3.36757568831908,96.464029357799,12.6831940966363,0
10,0.206602113319154,3.71445396199846,96.0789439246824,12.6338282070648,0
11,0.248436352293952,4.05616789098891,95.6953957567171,12.5842644584809,0
12,0.293826920508495,4.39279436236608,95.3133787171254,12.5345020578634,0
13,0.342704187867284,4.72440911850618,94.9328866936265,12.484540209013,0
14,0.394999627531669,5.05108677412834,94.55391359834,12.4343781125389,0
15,0.450645799228618,5.37290083308328,94.1764533676881,12.3840149658465,0
16,0.509576332808905,5.68992370489191,93.8004999622992,12.3334499631244,0
17,0.57172591205142,6.00222672103784,93.4260473669107,12.2826822953315,0
18,0.637030258709484,6.30988015101725,93.0530895902733,12.2317111501841,0
19,0.705426116795824,6.6129532181498,92.6816206650544,12.1805357121426,0
20,0.776851237102468,6.91151411515419,92.3116346477433,12.1291551623991,0
21,0.851244361952198,7.20563001949182,91.943125618556,12.0775686788636,0
22,0.928545210178055,7.49536710848197,91.57608768134,12.0257754361512,0
23,1.0086944623275,7.780790574192,91.2105149634805,11.9737746055691,0
24,1.0916337460879,8.06196463810584,90.8464016158063,11.9215653551027,0
25,1.17730562193,8.33895256557408,90.4837418124959,11.8691468494031,0
26,1.26565356896614,8.61181668004894,90.1225297509849,11.8165182497729,0
27,1.35662197102011,8.88061837710735,89.7627596518725,11.7636787141534,0
28,1.45015610290531,9.14541813826515,89.4044257588295,11.710627397111,0
29,1.54620211690829,9.40627554458574,89.047522338506,11.6573634498235,0
30,1.64470702947446,9.66324929008605,88.6920436804395,11.6038860200665,0
31,1.74561870809309,9.91639719494291,88.337984096964,11.5501942522,0
32,1.84888585837848,10.1657762185029,87.9853379231186,11.4962872871547,0
33,1.95445801134457,10.4114424720984,87.634099516557,11.4421642624178,0
34,2.06228551086989,10.6534512316729,87.2842632574572,11.3878243120199,0
35,2.17231950135016,10.8918569502183,86.9358235484316,11.3332665665207,0
36,2.28451191553569,11.1267132700269,86.5887748144374,11.2784901529949,0
37,2.39881546255089,11.3580730347617,86.2431115026874,11.2234941950188,0
38,2.51518361609298,11.5859883013457,85.8988280825614,11.168277812656,0
39,2.63357060280752,11.8105103516754,85.5559190455171,11.1128401224431,0
40,2.7539313908379,12.0316897041593,85.2143789050028,11.0571802373759,0
41,2.87622167854622,12.2495761250849,84.8742021963689,11.0012972668951,0
42,3.00039788340316,12.4642186398161,84.5353834767808,10.9451903168718,0
43,3.12641713104412,12.6756655438242,84.1979173251317,10.8888584895939,0
44,3.25423724448928,12.8839644135547,83.861798341956,10.8323008837507,0
45,3.38381673352507,13.089162117132,83.5270211493429,10.7755165944194,0
46,3.51511478424473,13.2913048249052,83.1935803908501,10.7185047130501,0
47,3.64809124874547,13.4904380198362,82.8614707314183,10.6612643274516,0
48,3.78270663497996,13.6866065077341,82.530686857286,10.6037945217765,0
49,3.91892209675988,13.8798544273362,82.201223475904,10.5460943765065,0
50,4.05669942390918,14.0702252602396,81.8730753158512,10.4881629684383,0
51,4.19600103256488,14.257761840685,81.5462371267501,10.429999370668,0
52,4.3367899556232,14.442506365194,81.2207036791828,10.3716026525767,0
53,4.47902983332884,14.6245004020642,80.896469764607,10.3129718798158,0
54,4.62268490400526,14.8037849007216,80.5735301952732,10.2541061142917,0
55,4.7677199949239,14.9804002009347,80.2518798041414,10.1950044141509,0
56,4.91410051331023,15.1543860418912,79.9315134447986,10.1356658337648,0
57,5.0617924374846,15.3257815711394,79.612425991376,10.0760894237149,0
58,5.21076230813593,15.4946253533963,79.2946123384678,10.0162742307775,0
59,5.36097721972611,15.6609553792253,78.9780674010485,9.95621929790807,0
60,5.51240481202337,15.824809073584,78.6627861143926,9.89592366422649,0
61,5.66501326176254,15.9862233042448,78.3487634339926,9.83538636500133,0
62,5.81877127443032,16.1452343900906,78.035994335479,9.77460643163449,0
63,5.97364807617383,16.3018781092866,77.7244738145396,9.71358289164575,0
64,6.12961340583037,16.4561897073303,77.4141968868393,9.65231476865716,0
65,6.28663750707683,16.6082039049825,77.1051585879407,9.59080108237746,0
66,6.44469112069682,16.7579549060788,76.7973539732244,9.52904084858634,0
67,6.60374547696372,16.9054764052263,76.49077811781,9.46703307911876,0
68,6.76377228813808,17.0508015953846,76.1854261164773,9.40477678184907,0
69,6.92474374107756,17.1939631753346,75.8812930835878,9.34227096067519,0
70,7.08663248995772,17.3349933570359,75.5783741530064,9.27951461550265,0
71,7.24941164910205,17.4739238728741,75.2766644780238,9.21650674222859,0
72,7.4130547859196,17.6107859828016,74.9761592312788,9.15324633272569,0
73,7.57753591394862,17.7456104813705,74.6768536046809,9.08973237482605,0
74,7.74282948600453,17.8784277046616,74.3787428093339,9.02596385230498,0
75,7.90891038743086,18.0092675371107,74.0818220754585,8.96193974486477,0
76,8.0757539294514,18.1381594182319,73.7860866523167,8.89765902811834,0
77,8.2433358426222,18.2651323492423,73.4915318081355,8.83312067357284,0
78,8.41163227038191,18.3902148995871,73.198152830031,8.76832364861322,0
79,8.58061976269891,18.5134352133677,72.9059450239334,8.70326691648571,0
80,8.7502752698139,18.6348210156746,72.6149037145115,8.63794943628119,0
81,8.92057613607642,18.7543996188255,72.3250242450981,8.5723701629186,0
82,9.09150009387397,18.8721979285104,72.0363019776156,8.50652804712816,0
83,9.26302525765235,18.9882424498461,71.7487322925015,8.44042203543461,0
84,9.43513011802579,19.1025592933395,71.4623105886348,8.37405107014035,0
85,9.60779353597559,19.2151741807625,71.1770322832619,8.30741408930854,0
86,9.78099473713597,19.3261124509399,70.8928928119241,8.24051002674604,0
87,9.95471330616571,19.4353990654507,70.6098876283836,8.17333781198643,0
88,10.1289291812045,19.543058614244,70.3280122045516,8.10589637027285,0
89,10.3036226484124,19.6491153211726,70.0472620304151,8.03818462254078,0
90,10.4787743365917,19.7535930494429,69.7676326139654,7.97020148540082,0
91,10.6543652118894,19.8565153069846,69.489119481126,7.90194587112133,0
92,10.8303765725795,19.9579052517398,69.2117181756807,7.83341668761102,0
93,11.0067900439234,20.0577856968739,68.9354242592027,7.76461283840148,0
94,11.1835875731081,20.1561791159083,68.6602333109835,7.69553322262967,0
95,11.3607514242604,20.2531076477775,68.386140927962,7.62617673502027,0
96,11.5382641735356,20.3485931018101,68.1131427246543,7.55654226586798,0
97,11.7161087042808,20.442656962636,67.8412343330833,7.48662870101981,0
98,11.8942682022705,20.5353203950207,67.5704114027088,7.41643492185725,0
99,12.0727261510142,20.6266042486275,67.3006696003583,7.34595980527832,0
100,12.2514663271343,20.7165290627085,67.0320046101572,7.27520222367965,0
101,12.4304727958138,20.8051150707264,66.7644121334598,7.20416104493843,0
102,12.6097299063126,20.8923822049065,66.4978878887809,7.13283513239429,0
103,12.6819509962949,20.9783501007223,66.3396989029828,7.12177693440741,1
104,12.7352595381963,21.0630381013129,66.2017023604908,7.12147973595412,1
105,12.7887451182902,21.1464652618359,66.0647896198739,7.12117834746071,1
106,12.842391605636,21.2286503537543,65.9289580406097,7.12087270985399,1
107,12.8961832971626,21.3096118690605,65.7942048337769,7.12056276322801,1
108,12.9501049085926,21.3893680244369,65.6605270669705,7.12024844683224,1
109,13.0041415656285,21.4679367653551,65.5279216690164,7.11992969905968,1
110,13.0582787953175,21.5453357701132,65.3963854345693,7.11960645743474,1
111,13.1125025175829,21.6215824538138,65.2659150286033,7.11927865860102,1
112,13.1667990369045,21.6966939722824,65.1365069908131,7.1189462383089,1
113,13.2211550341589,21.7706872259275,65.0081577399136,7.11860913140295,1
114,13.275557558619,21.8435788635434,64.8808635778376,7.11826727180912,1
115,13.3299940201053,21.915385286056,64.7546206938386,7.11792059252185,1
116,13.3844521812864,21.9861226502134,64.6294251685002,7.11756902559088,1
117,13.4389201501252,22.0558068722209,64.5052729776539,7.11721250210797,1
118,13.4933863724714,22.1244536313224,64.3821599962062,7.11685095219337,1
119,13.5478396247943,22.1920783733284,64.2600820018773,7.11648430498215,1
120,13.6022690070563,22.258696314091,64.1390346788526,7.11611248861028,1
121,13.6566639357219,22.3243224429281,64.01901362135,7.11573543020056,1
122,13.7110141369016,22.3889715259954,63.900014337103,7.11535305584833,1
123,13.7653096396279,22.4526581096094,63.7820322507627,7.11496529060699,1
124,13.8195407692602,22.5153965235201,63.6650627072198,7.11457205847332,1
125,13.8736981410172,22.5772008841352,63.5491009748476,7.11417328237257,1
126,13.9277726536345,22.6380850976968,63.4341422486687,7.11376888414333,1
127,13.9817554831443,22.6980628634096,63.3201816534462,7.11335878452226,1
128,14.0356380767752,22.757147676524,63.2072142467008,7.11294290312852,1
129,14.0894121469717,22.8153528313722,63.0952350216561,7.11252115844803,1
130,14.1430696655277,22.8726914243596,62.9842389101127,7.11209346781748,1
131,14.1966028578357,22.9291763569116,62.8742207852527,7.11165974740814,1
132,14.2500041972473,22.9848203383762,62.7651754643765,7.11121991220941,1
133,14.3032663995431,23.039635888884,62.6570977115729,7.1107738760122,1
134,14.3563824175111,23.0936353421652,62.5499822403237,7.11032155139197,1
135,14.4093454356309,23.1468308483245,62.4438237160445,7.10986284969166,1
136,14.4621488648619,23.1992343765753,62.3386167585627,7.10939768100426,1
137,14.5147863375332,23.2508577179325,62.2343559445343,7.10892595415522,1
138,14.5672517023344,23.3017124878656,62.1310358098,7.10844757668457,1
139,14.6195390194041,23.3518101289126,62.0286508516834,7.1079624548288,1
140,14.6716425555156,23.4011619132538,61.9271955312306,7.10747049350246,1
141,14.7235567793574,23.4497789452491,61.8266642753935,7.10697159627956,1
142,14.7752763569062,23.4976721639357,61.727051479158,7.10646566537465,1
143,14.826796146892,23.54485234549,61.628351507618,7.10595260162366,1
144,14.8781111963526,23.5913301056517,61.5305586979957,7.10543230446443,1
145,14.9292167362764,23.637115902113,61.4336673616106,7.10490467191707,1
146,14.9801081773312,23.6822200368712,61.3376717857975,7.10436960056391,1
147,15.0307811056787,23.7266526585471,61.2425662357742,7.10382698552924,1
148,15.0812312788715,23.7704237646678,61.1483449564607,7.10327672045879,1
149,15.1314546218323,23.8135432039169,61.0550021742508,7.10271869749884,1
150,15.1814472229133,23.8560206783503,60.9625320987364,7.1021528072751,1
151,15.2312053300347,23.8978657455787,60.8709289243865,7.10157893887128,1
152,15.2807253469001,23.939087820919,60.7801868321809,7.10099697980733,1
153,15.3300038292879,23.9796961795119,60.6902999912002,7.10040681601742,1
154,15.3790374814175,24.0196999584095,60.6012625601731,7.09980833182754,1
155,15.4278231523885,24.0591081586307,60.5130686889808,7.09920140993289,1
156,15.4763578326917,24.0979296471869,60.4257125201214,7.09858593137483,1
157,15.5246386507906,24.1361731590767,60.3391881901327,7.09796177551759,1
158,15.5726628697716,24.1738472992518,60.2534898309766,7.09732882002462,1
159,15.6204278840632,24.2109605445525,60.1686115713843,7.09668694083463,1
160,15.6679312162204,24.2475212456157,60.0845475381639,7.09603601213723,1
161,15.7151705137756,24.2835376287533,60.0012918574711,7.09537590634832,1
162,15.762143546153,24.3190177978034,59.9188386560436,7.09470649408506,1
163,15.8088482016464,24.3539697359538,59.8371820623998,7.09402764414048,1
164,15.8552824844582,24.3884013075381,59.7563162080037,7.09333922345784,1
165,15.9014445118,24.4223202598051,59.676235228395,7.09264109710446,1
166,15.9473325110514,24.4557342246621,59.5969332642865,7.09193312824537,1
167,15.9929448169785,24.4886507203922,59.5184044626294,7.09121517811638,1
168,16.0382798690086,24.5210771533458,59.4406429776456,7.09048710599698,1
169,16.0833362085622,24.5530208196072,59.3636429718306,7.0897487691827,1
170,16.128112476439,24.5844889066359,59.2873986169251,7.08900002295716,1
171,16.1726074102589,24.6154884948844,59.2119040948567,7.0882407205637,1
172,16.2168198419557,24.6460265593908,59.1371535986535,7.08747071317663,1
173,16.2607486953234,24.6761099713484,59.0631413333283,7.08668984987203,1
174,16.3043929836125,24.7057454996518,58.9898615167357,7.0858979775982,1
175,16.3477518071783,24.73493981242,58.9173083804017,7.08509494114562,1
176,16.3908243511763,24.7636994784964,58.8454761703273,7.08428058311659,1
177,16.4336098833079,24.7920309689272,58.7743591477649,7.08345474389433,1
178,16.4761077516116,24.8199406584174,58.7039515899709,7.08261726161171,1
179,16.5183173823025,24.8474348267649,58.6342477909326,7.08176797211951,1
180,16.5602382776559,24.8745196602733,58.5652420620708,7.08090670895428,1
181,16.6018700139365,24.9012012531447,58.4969287329188,7.08003330330568,1
182,16.643212239371,24.9274856088499,58.429302151779,7.0791475839834,1
183,16.6842646721645,24.9533786414799,58.3623566863556,7.07824937738363,1
184,16.7250270985579,24.9788861770762,58.2960867243658,7.077338507455,1
185,16.7654993709281,25.004013954942,58.2304866741299,7.07641479566407,1
186,16.8056814059275,25.0287676289333,58.1655509651391,7.07547806096039,1
187,16.8455731826647,25.0531527687312,58.1012740486041,7.07452811974096,1
188,16.8851747409231,25.077174861095,58.0376503979819,7.07356478581425,1
189,16.9244861794186,25.1008393110967,57.9746745094846,7.07258787036373,1
190,16.9635076540946,25.1241514433376,57.9123409025678,7.07159718191084,1
191,17.0022393764539,25.1471165031458,57.8506441204004,7.07059252627748,1
192,17.040681611927,25.1697396577564,57.7895787303165,7.06957370654793,1
193,17.0788346782757,25.1920259974749,57.7291393242494,7.06854052303025,1
194,17.1166989440313,25.2139805368216,57.6693205191471,7.06749277321717,1
195,17.1542748269673,25.2356082156605,57.6101169573722,7.06643025174638,1
196,17.1915627926055,25.2569139003107,57.5515233070839,7.06535275036026,1
197,17.2285633527546,25.2779023846409,57.4935342626044,7.06426005786509,1
198,17.2652770640816,25.2985783911488,57.4361445447695,7.06315196008964,1
199,17.3017045267139,25.3189465720231,57.379348901263,7.06202823984321,1
200,17.3378463828731,25.3390115101903,57.3231421069366,7.06088867687303,1
201,17.3737033155389,25.3587777203462,57.2675189641149,7.0597330478211,1
202,17.4092760471427,25.3782496499715,57.2124743028858,7.05856112618043,1
203,17.4445653382902,25.3974316803325,57.1580029813773,7.05737268225064,1
204,17.4795719865131,25.416328127467,57.1040998860199,7.0561674830929,1
205,17.5142968250484,25.4349432431552,57.0507599317964,7.05494529248432,1
206,17.5487407216455,25.4532812158768,56.9979780624778,7.05370587087163,1
207,17.5829045773997,25.4713461717529,56.9457492508475,7.05244897532423,1
208,17.616789325613,25.4891421754749,56.8940684989121,7.05117435948656,1
209,17.6503959306803,25.5066732312186,56.8429308381011,7.04988177352985,1
210,17.6837253870008,25.5239432835456,56.7923313294537,7.04857096410309,1
211,17.7167787179145,25.5409562182905,56.742265063795,7.04724167428346,1
212,17.7495569746636,25.5577158634354,56.692727161901,7.04589364352589,1
213,17.782061235377,25.5742259899711,56.6437127746519,7.04452660761204,1
214,17.8142926040786,25.5904903127458,56.5952170831755,7.04314029859849,1
215,17.846252209719,25.6065124913008,56.5472352989802,7.04173444476423,1
216,17.8779412052289,25.6222961306937,56.4997626640774,7.04030877055742,1
217,17.9093607665953,25.63784478231,56.4527944510947,7.03886299654134,1
218,17.9405120919588,25.653161944662,56.4063259633792,7.03739683933966,1
219,17.9713964007328,25.6682510641758,56.3603525350914,7.03591001158088,1
220,18.0020149327426,25.6831155359669,56.3148695312904,7.03440222184199,1
221,18.0323689473858,25.6977587046043,56.26987234801,7.03287317459138,1
222,18.0624597228115,25.7121838648625,56.2253564123259,7.0313225701309,1
223,18.0922885551207,25.7263942624636,56.1813171824156,7.02975010453709,1
224,18.1218567575841,25.740393094807,56.137750147609,7.02815546960168,1
225,18.1511656598797,25.7541835116889,56.0946508284314,7.02653835277111,1
226,18.180216607349,25.7677686160114,56.0520147766396,7.02489843708531,1
227,18.2090109602704,25.7811514644802,56.0098375752493,7.02323540111555,1
228,18.2375500931507,25.7943350682928,55.9681148385565,7.02154891890145,1
229,18.2658353940343,25.8073223938156,55.9268422121502,7.01983865988711,1
230,18.2938682638284,25.8201163632515,55.8860153729201,7.01810428885629,1
231,18.3216501156458,25.8327198552978,55.8456300290564,7.01634546586669,1
232,18.3491823741634,25.8451357057933,55.8056819200433,7.01456184618341,1
233,18.3764664749968,25.8573667083567,55.7661668166465,7.01275308021125,1
234,18.4035038640903,25.8694156150153,55.7270805208944,7.0109188134263,1
235,18.4302959971228,25.8812851368238,55.6884188660534,7.00905868630641,1
236,18.4568443389277,25.8929779444747,55.6501777165976,7.0071723342607,1
237,18.4831503629285,25.9044966688992,55.6123529681723,7.00525938755812,1
238,18.5092155505883,25.9158439018587,55.5749405475531,7.00331947125501,1
239,18.5350413908727,25.9270221965285,55.5379364125988,7.00135220512156,1
240,18.5606293797282,25.9380340680722,55.5013365521996,6.9993572035673,1
241,18.5859810195722,25.9488819942073,55.4651369862205,6.99733407556554,1
242,18.6110978187975,25.9595684157628,55.4293337654397,6.99528242457673,1
243,18.635981291289,25.9700957372288,55.3939229714822,6.99320184847069,1
244,18.6606329559535,25.9804663272971,55.3589007167494,6.99109193944786,1
245,18.6850543362621,25.990682519394,55.3242631443439,6.9889522839593,1
246,18.7092469598038,26.000746612206,55.2900064279902,6.98678246262569,1
247,18.7332123578521,26.0106608701963,55.2561267719516,6.98458205015511,1
248,18.7569520649423,26.0204275241149,55.2226204109428,6.98235061525967,1
249,18.7804676184613,26.0300487715001,55.1894836100386,6.98008772057097,1
250,18.8037605582471,26.0395267771731,55.1567126645798,6.97779292255443,1
251,18.8268324262008,26.0488636737252,55.124303900074,6.97546577142228,1
252,18.8496847659076,26.0580615619975,55.0922536720949,6.97310581104545,1
253,18.8723191222702,26.0671225115537,55.0605583661761,6.97071257886414,1
254,18.8947370411504,26.0760485611457,55.0292143977039,6.9682856057972,1
255,18.9169400690225,26.0848417191722,54.9982182118053,6.96582441615014,1
256,18.9389297526351,26.0935039641309,54.9675662832339,6.96332852752189,1
257,18.9607076386836,26.1020372450636,54.9372551162528,6.9607974507103,1
258,18.9822752734912,26.1104434819943,54.9072812445145,6.95823068961621,1
259,19.0036342026998,26.1187245663619,54.8776412309384,6.95562774114623,1
260,19.0247859709691,26.1268823614452,54.8483316675856,6.95298809511414,1
261,19.0457321216857,26.1349187027827,54.8193491755316,6.95031123414084,1
262,19.0664741966792,26.1428353985849,54.7906904047358,6.94759663355303,1
263,19.0870137359483,26.1506342301419,54.7623520339098,6.9448437612803,1
264,19.1073522773937,26.1583169522237,54.7343307703826,6.94205207775086,1
265,19.1274913565605,26.1658852934751,54.7066233499644,6.93922103578582,1
266,19.147432506387,26.1733409568048,54.6792265368082,6.93635008049188,1
267,19.1671772569624,26.1806856197686,54.6521371232689,6.93343864915262,1
268,19.1867271352914,26.1879209349466,54.625351929762,6.93048617111816,1
269,19.2060836650661,26.1950485303152,54.5988678046186,6.92749206769337,1
270,19.2252483664457,26.2020700096135,54.5726816239407,6.92445575202439,1
271,19.2442227558426,26.2089869527039,54.5467902914535,6.92137662898363,1
272,19.2630083457154,26.2158009159279,54.5211907383567,6.91825409505311,1
273,19.2816066443695,26.2225134324558,54.4958799231747,6.91508753820618,1
274,19.3000191557631,26.2291260126322,54.4708548316047,6.91187633778757,1
275,19.3182473793201,26.2356401443156,54.4461124763643,6.90861986439172,1
276,19.33629280975,26.242057293213,54.421649897037,6.90531747973941,1
277,19.3541569368725,26.2483789032101,54.3974641599174,6.90196853655268,1
278,19.3718412454493,26.2546063966957,54.3735523578549,6.89857237842795,1
279,19.3893472150215,26.2607411748823,54.3499116100962,6.89512833970734,1
280,19.4066763197522,26.2667846181206,54.3265390621272,6.89163574534825,1
281,19.4238300282754,26.272738086211,54.3034318855136,6.888093910791,1
282,19.44080980355,26.2786029187089,54.2805872777411,6.88450214182468,1
283,19.457617102719,26.2843804352264,54.2580024620546,6.88085973445107,1
284,19.4742533769745,26.290071935729,54.2356746872966,6.87716597474667,1
285,19.4907200714271,26.2956787008283,54.2136012277446,6.87342013872274,1
286,19.5070186249808,26.3012019920703,54.191779382949,6.86962149218344,1
287,19.5231504702126,26.3066430522186,54.1702064775688,6.86576929058189,1
288,19.5391170332567,26.3120031055348,54.1488798612085,6.86186277887423,1
289,19.5549197336935,26.3172833580536,54.1277969082529,6.85790119137167,1
290,19.5705599844434,26.3224849978539,54.1069550177027,6.85388375159038,1
291,19.5860391916642,26.3276091953267,54.0863516130091,6.84980967209928,1
292,19.6013587546538,26.332657103438,54.0659841419082,6.84567815436577,1
293,19.6165200657563,26.3376298579885,54.0458500762552,6.84148838859915,1
294,19.6315245102729,26.3425285778689,54.0259469118582,6.8372395535919,1
295,19.6463734663763,26.3473543653119,54.0062721683118,6.83293081655876,1
296,19.6610683050292,26.35210830614,53.9868233888308,6.82856133297348,1
297,19.6756103899068,26.3567914700098,53.9675981400834,6.8241302464033,1
298,19.6900010773225,26.3614049106532,53.9485940120243,6.81963668834105,1
299,19.7042417161579,26.3659496661136,53.9298086177285,6.81507977803497,1
300,19.718333647796,26.3704267589802,53.9112395932238,6.81045862231606,1
301,19.7322782060577,26.3748371966178,53.8928845973244,6.805772315423,1
302,19.7460767171422,26.3791819713935,53.8747413114642,6.80101993882463,1
303,19.7597304995701,26.3834620608999,53.85680743953,6.79620056103993,1
304,19.7732408641298,26.3876784281753,53.8390807076949,6.79131323745542,1
305,19.7866091138279,26.39183202192,53.8215588642522,6.78635701014004,1
306,19.7998365438411,26.3959237767101,53.8042396794488,6.78133090765736,1
307,19.8129244414724,26.3999546132079,53.7871209453197,6.77623394487521,1
308,19.8258740861099,26.4039254383683,53.7702004755218,6.77106512277256,1
309,19.8386867491875,26.407837145644,53.7534761051684,6.76582342824374,1
310,19.85136369415,26.4116906151855,53.7369456906645,6.76050783389983,1
311,19.8639061764191,26.4154867140397,53.7206071095411,6.75511729786734,1
312,19.8763154433636,26.4192262963449,53.7044582602915,6.74965076358393,1
313,19.8885927342708,26.4229102035229,53.6884970622062,6.7441071595914,1
314,19.9007392803216,26.4265392644684,53.6727214552101,6.7384853993256,1
315,19.9127563045666,26.4301142957352,53.6571293996981,6.73278438090354,1
316,19.9246450219063,26.4336361017207,53.641718876373,6.72700298690734,1
317,19.9364066390716,26.437105474846,53.6264878860824,6.72114008416528,1
318,19.9480423546084,26.4405231957346,53.611434449657,6.71519452352965,1
319,19.959553358863,26.4438900333882,53.5965566077488,6.70916513965153,1
320,19.9709408339701,26.4472067453595,53.5818524206705,6.70305075075239,1
321,19.9822059538431,26.4504740779226,53.5673199682344,6.69685015839241,1
322,19.9933498841658,26.4536927662412,53.552957349593,6.69056214723565,1
323,20.0043737823868,26.4568635345337,53.5387626830795,6.6841854848118,1
324,20.0152787977148,26.4599870962364,53.5247341060489,6.6777189212746,1
325,20.0260660711165,26.4630641541637,53.5108697747198,6.67116118915689,1
326,20.0367367353161,26.4660954006668,53.497167864017,6.6645110031222,1
327,20.0472919147965,26.4690815177889,53.4836265674145,6.65776705971276,1
328,20.0577327258019,26.472023177419,53.4702440967792,6.65092803709408,1
329,20.0680602763422,26.4749210414428,53.4570186822151,6.64399259479583,1
330,20.0782756661994,26.4777757618919,53.4439485719087,6.63695937344912,1
331,20.0883799869348,26.4805879810907,53.4310320319746,6.62982699452004,1
332,20.0983743218982,26.4833583318001,53.4182673463017,6.62259406003951,1
333,20.1082597462384,26.4860874373609,53.4056528164007,6.61525915232919,1
334,20.1180373269151,26.4887759118332,53.3931867612517,6.6078208337237,1
335,20.1277081227118,26.4914243601352,53.380867517153,6.60027764628878,1
336,20.1372731842509,26.494033378179,53.3686934375702,6.59262811153554,1
337,20.146733554009,26.4966035530045,53.3566628929865,6.58487073013069,1
338,20.1560902663345,26.499135462912,53.3447742707535,6.57700398160263,1
339,20.1653443474652,26.5016296775918,53.3330259749429,6.56902632404346,1
340,20.1744968155484,26.5040867582529,53.3214164261987,6.56093619380678,1
341,20.1835486806608,26.5065072577487,53.3099440615905,6.55273200520114,1
342,20.1925009448305,26.5088917207018,53.2986073344677,6.54441215017933,1
343,20.2013546020597,26.5112406836265,53.2874047143139,6.53597499802311,1
344,20.2101106383479,26.5135546750492,53.2763346866029,6.52741889502367,1
345,20.2187700317172,26.5158342156279,53.2653957526548,6.51874216415741,1
346,20.2273337522375,26.5180798182688,53.2545864294937,6.50994310475731,1
347,20.235802762053,26.5202919882419,53.243905249705,6.50101999217957,1
348,20.2441780154098,26.5224712232949,53.2333507612953,6.49197107746554,1
349,20.252460458684,26.5246180137648,53.2229215275513,6.48279458699898,1
350,20.2606510304107,26.5267328426885,53.2126161269008,6.47348872215838,1
351,20.2687506613142,26.5288161859115,53.2024331527743,6.46405165896444,1
352,20.2767602743383,26.5308685121947,53.1923712134671,6.45448154772255,1
353,20.2846807846776,26.5328902833203,53.1824289320021,6.44477651266029,1
354,20.29251309981,26.5348819541952,53.1726049459948,6.4349346515597,1
355,20.300258119529,26.5368439729539,53.1628979075171,6.42495403538451,1
356,20.3079167359773,26.5387767810588,53.1533064829639,6.41483270790199,1
357,20.3154898336809,26.5406808133999,53.1438293529193,6.40456868529956,1
358,20.3229782895835,26.5425564983924,53.1344652120241,6.39415995579592,1
359,20.3303829730819,26.5444042580736,53.1252127688445,6.38360447924677,1
360,20.3377047460618,26.546224508197,53.1160707457412,6.37290018674492,1
361,20.3449444629339,26.5480176583266,53.1070378787395,6.36204498021476,1
362,20.3521029706711,26.5497841119288,53.0981129174001,6.35103673200107,1
363,20.3591811088452,26.5515242664631,53.0892946246917,6.33987328445196,1
364,20.3661797096652,26.5532385134716,53.0805817768632,6.32855244949596,1
365,20.3730995980154,26.5549272386671,53.0719731633175,6.31707200821319,1
366,20.3799415914937,26.5565908220199,53.0634675864865,6.30542971040039,1
367,20.386706500451,26.5582296378432,53.0550638617057,6.29362327412994,1
368,20.3933951280307,26.5598440548776,53.0467608170917,6.28165038530251,1
369,20.400008270208,26.5614344363737,53.0385572934184,6.26950869719357,1
370,20.4065467158304,26.563001140174,53.0304521439957,6.25719582999339,1
371,20.4130112466581,26.5645445187935,53.0224442345484,6.24470937034057,1
372,20.4194026374049,26.5660649194989,53.0145324430962,6.23204687084904,1
373,20.425721655779,26.5675626843867,53.0067156598342,6.21920584962838,1
374,20.4319690625245,26.5690381504605,52.998992787015,6.20618378979731,1
375,20.4381456114627,26.5704916497062,52.991362738831,6.19297813899042,1
376,20.4442520495347,26.5719235091674,52.9838244412978,6.17958630885786,1
377,20.4502891168426,26.5733340510185,52.9763768321389,6.16600567455808,1
378,20.4562575466924,26.5747235926373,52.9690188606704,6.15223357424326,1
379,20.4621580656359,26.5760924466765,52.9617494876876,6.13826730853765,1
380,20.4679913935141,26.5774409211341,52.9545676853518,6.12410414000847,1
381,20.4737582434995,26.5787693194226,52.9474724370779,6.10974129262934,1
382,20.4794593221392,26.5800779404371,52.9404627374237,6.0951759512362,1
383,20.4850953293982,26.5813670786229,52.933537591979,6.0804052609755,1
384,20.4906669587023,26.5826370240415,52.9266960172562,6.06542632674467,1
385,20.496174896982,26.583888062436,52.919937040582,6.05023621262464,1
386,20.5016198247155,26.5851204752954,52.9132596999891,6.03483194130442,1
387,20.5070024159726,26.5863345399177,52.9066630441097,6.01921049349752,1
388,20.5123233384583,26.5875305294725,52.9001461320692,6.00336880735014,1
389,20.5175832535563,26.5887087130626,52.8937080333811,5.98730377784111,1
390,20.5227828163731,26.5898693557843,52.8873478278426,5.97101225617319,1
391,20.5279226757816,26.5910127187871,52.8810646054314,5.954491049156,1
392,20.5330034744651,26.5921390593324,52.8748574662026,5.93773691858005,1
393,20.5380258489611,26.5932486308516,52.8687255201873,5.92074658058214,1
394,20.5429904297056,26.594341683003,52.8626678872914,5.90351670500161,1
395,20.5478978410761,26.595418461728,52.8566836971958,5.88604391472769,1
396,20.5527487014368,26.5964792093063,52.8507720892569,5.86832478503755,1
397,20.5575436231813,26.5975241644106,52.8449322124081,5.85035584292505,1
398,20.5622832127773,26.5985535621602,52.8391632250625,5.83213356642001,1
399,20.5669680708102,26.5995676341739,52.8334642950159,5.8136543838979,1
400,20.5715987920267,26.6005666086222,52.827834599351,5.79491467337978,1
401,20.5761759653791,26.6015507102786,52.8222733243423,5.7759107618224,1
402,20.5807001740685,26.6025201605701,52.8167796653614,5.75663892439826,1
403,20.5851719955888,26.6034751776272,52.811352826784,5.73709538376553,1
404,20.5895920017703,26.6044159763326,52.8059920218972,5.71727630932767,1
405,20.5939607588229,26.60534276837,52.8006964728071,5.69717781648265,1
406,20.59827882738,26.6062557622716,52.7954654103483,5.67679596586154,1
407,20.6025467625417,26.6071551634649,52.7902980739934,5.65612676255635,1
408,20.6067651139177,26.6080411743189,52.7851937117634,5.63516615533707,1
409,20.6109344256712,26.6089139941897,52.7801515801391,5.61391003585758,1
410,20.6150552365611,26.6097738194657,52.7751709439732,5.59235423785042,1
411,20.6191280799859,26.6106208436109,52.7702510764032,5.57049453631017,1
412,20.6231534840256,26.6114552572096,52.7653912587648,5.54832664666534,1
413,20.6271319714851,26.6122772480082,52.7605907805067,5.52584622393861,1
414,20.6310640599363,26.6130870009581,52.7558489391055,5.50304886189514,1
415,20.634950261761,26.6138846982572,52.7511650399817,5.479930092179,1
416,20.6387910841928,26.6146705193908,52.7465383964164,5.45648538343731,1
417,20.6425870293594,26.6154446411718,52.7419683294688,5.43271014043209,1
418,20.6463385943247,26.6162072377811,52.7374541678942,5.40859970313962,1
419,20.6500462711306,26.6169584808059,52.7329952480635,5.38414934583698,1
420,20.6537105468387,26.6176985392792,52.728590913882,5.35935427617589,1
421,20.6573319035719,26.6184275797173,52.7242405167108,5.3342096342433,1
422,20.6609108185555,26.6191457661573,52.7199434152872,5.3087104916089,1
423,20.664447764159,26.6198532601942,52.7156989756468,5.2828518503591,1
424,20.6679432079363,26.6205502210171,52.7115065710465,5.25662864211744,1
425,20.6713976126674,26.6212368054453,52.7073655818873,5.23003572705115,1
426,20.6748114363986,26.621913167963,52.7032753956384,5.20306789286374,1
427,20.678185132483,26.6225794607546,52.6992354067623,5.17571985377338,1
428,20.6815191496211,26.623235833739,52.69524501664,5.14798624947685,1
429,20.6848139319004,26.6238824346027,52.6913036334969,5.11986164409894,1
430,20.688069918836,26.6245194088337,52.6874106723303,5.09134052512694,1
431,20.6912875454098,26.6251468997539,52.6835655548364,5.06241730233024,1
432,20.6944672421103,26.6257650485513,52.6797677093384,5.03308630666457,1
433,20.6976094349718,26.6263739943122,52.676016570716,5.00334178916088,1
434,20.7007145456138,26.6269738740517,52.6723115803345,4.97317791979852,1
435,20.7037829912794,26.6275648227455,52.6686521859751,4.94258878636252,1
436,20.7068151848746,26.6281469733595,52.6650378417659,4.91156839328482,1
437,20.7098115350065,26.6287204568799,52.6614680081136,4.88011066046906,1
438,20.7127724460217,26.629285402343,52.6579421516353,4.84820942209889,1
439,20.7156983180442,26.629841936864,52.6544597450918,4.81585842542947,1
440,20.7185895470137,26.6303901856654,52.6510202673209,4.7830513295619,1
441,20.7214465247226,26.6309302721055,52.6476232031718,4.74978170420034,1
442,20.7242696388543,26.6314623177061,52.6442680434396,4.71604302839172,1
443,20.7270592730195,26.6319864421797,52.6409542848008,4.68182868924757,1
444,20.7298158067941,26.6325027634564,52.6376814297495,4.6471319806479,1
445,20.732539615755,26.6330113977108,52.6344489865342,4.61194610192673,1
446,20.7352310715176,26.6335124593877,52.6312564690947,4.5762641565392,1
447,20.7378905417716,26.6340060612281,52.6281033970003,4.54007915070977,1
448,20.7405183903171,26.6344923142945,52.6249892953884,4.50338399206147,1
449,20.7431149771007,26.6349713279958,52.6219136949035,4.46617148822572,1
450,20.7456806582509,26.6354432101122,52.6188761316368,4.42843434543265,1
451,20.7482157861139,26.6359080668192,52.6158761470669,4.39016516708145,1
452,20.7507207092883,26.6363660027115,52.6129132880002,4.35135645229067,1
453,20.8845608980296,26.6368171208265,52.4786219811439,4.28455633329314,0
454,21.093611714344,26.6372615226678,52.2691267629882,4.20152861388823,0
455,21.3018328398138,26.6376993082276,52.0604678519586,4.11816811850484,0
456,21.5092275144542,26.6381305760096,51.8526419095362,4.03447351336096,0
457,21.7157989664586,26.6385554230508,51.6456456104906,3.95044345934603,0
458,21.9215504121795,26.6389739449436,51.4394756428769,3.86607661197767,0
459,22.1264850561715,26.6393862358572,51.2341287079714,3.78137162138457,0
460,22.3306060912233,26.6397923885587,51.029601520218,3.69632713228461,0
461,22.5339166983883,26.6401924944343,50.8258908071774,3.61094178396421,0
462,22.7364200470166,26.6405866435095,50.622993309474,3.52521421025605,0
463,22.9381192947871,26.6409749244694,50.4209057807435,3.43914303951712,0
464,23.1390175877399,26.6413574246789,50.2196249875812,3.35272689460686,0
465,23.3391180603078,26.6417342302022,50.01914770949,3.26596439286511,0
466,23.5384238353486,26.6421054258222,49.8194707388293,3.17885414608998,0
467,23.7369380241776,26.6424710950593,49.6205908807631,3.09139476051568,0
468,23.9346637265996,26.6428313201907,49.4225049532097,3.00358483679015,0
469,24.1316040309415,26.6431861822686,49.2252097867899,2.91542296995276,0
470,24.3277620140848,26.6435357611385,49.0287022247767,2.82690774941175,0
471,24.5231407414978,26.643880135457,48.8329791230451,2.73803775892171,0
472,24.7177432672688,26.6442193827099,48.6380373500213,2.64881157656089,0
473,24.9115726341381,26.6445535792292,48.4438737866327,2.55922777470846,0
474,25.1046318735313,26.6448828002105,48.2504853262581,2.4692849200217,0
475,25.2969240055919,26.64520711973,48.0578688746781,2.378981573413,0
476,25.4884520392138,26.6455266107609,47.8660213500253,2.28831629002689,0
477,25.6792189720747,26.64584134519,47.6749396827353,2.19728761921691,0
478,25.8692277906688,26.6461513938339,47.4846208154973,2.10589410452237,0
479,26.0584814703398,26.6464568264549,47.2950617032053,2.0141342836451,0
480,26.2469829753139,26.6467577117766,47.1062593129095,1.92200668842601,0
481,26.4347352587329,26.6470541174995,46.9182106237677,1.82950984482159,0
482,26.6217412626873,26.647346110316,46.7309126269967,1.73664227288039,0
483,26.8080039182494,26.6476337559259,46.5443623258247,1.64340248671927,0
484,26.9935261455066,26.6479171190505,46.3585567354429,1.54978899449967,0
485,27.1783108535943,26.6481962634478,46.1734928829579,1.4558002984037,0
486,27.3623609407295,26.6484712519265,45.989167807344,1.36143489461024,0
487,27.5456792942438,26.6487421463601,45.8055785593961,1.26669127327079,0
488,27.7282687906166,26.649009007701,45.6227222016823,1.17156791848541,0
489,27.9101322955087,26.6492718959942,45.4405958084971,1.07606330827838,0
490,28.0912726637953,26.6495308703905,45.2591964658142,0.980175914573914,0
491,28.2716927395993,26.6497859891604,45.0785212712403,0.883904203171652,0
492,28.4513953563249,26.6500373097067,44.8985673339684,0.787246633722165,0
493,28.6303833366908,26.6502848885775,44.7193317747317,0.690201659702278,0
494,28.8086594927636,26.6505287814791,44.5408117257574,0.592767728390337,0
495,28.9862266259907,26.6507690432884,44.3630043307209,0.494943280841362,0
496,29.1630875272345,26.6510057280654,44.1859067447001,0.396726751862106,0
497,29.3392449768049,26.6512388890652,44.0095161341298,0.29811656998601,0
498,29.5147017444935,26.6514685787499,43.8338296767566,0.19911115744806,0
499,29.6894605896059,26.6516948488008,43.6588445615933,0.0997089301595427,0
500,29.8635242609962,26.6519177501294,43.4845579888744,-9.17023172982701e-05,0
